<?xml version="1.0" encoding="UTF-8"?>
<project-private xmlns="http://www.netbeans.org/ns/project-private/1">
    <editor-bookmarks xmlns="http://www.netbeans.org/ns/editor-bookmarks/2" lastBookmarkId="0"/>
    <open-files xmlns="http://www.netbeans.org/ns/projectui-open-files/2">
        <group>
            <file>file:/C:/Users/NIKON-IMPRESSORA/Desktop/CRUD-081170007/LPCRUD/src/Lpcrud/ConsoleStateMachine/ConsoleStateCreateManager.java</file>
            <file>file:/C:/Users/NIKON-IMPRESSORA/Desktop/CRUD-081170007/LPCRUD/src/lpcrud/LPCRUD.java</file>
            <file>file:/C:/Users/NIKON-IMPRESSORA/Desktop/CRUD-081170007/LPCRUD/src/Lpcrud/ConsoleStateMachine/ConsoleStateLogin.java</file>
            <file>file:/C:/Users/NIKON-IMPRESSORA/Desktop/CRUD-081170007/LPCRUD/src/Lpcrud/ConsoleStateMachine/ConsoleState.java</file>
            <file>file:/C:/Users/NIKON-IMPRESSORA/Desktop/CRUD-081170007/LPCRUD/src/Lpcrud/ConsoleStateMachine/ConsoleStateHomeMenu.java</file>
            <file>file:/C:/Users/NIKON-IMPRESSORA/Desktop/CRUD-081170007/LPCRUD/src/Lpcrud/ConsoleStateMachine/ConsoleStateVendorMenu.java</file>
            <file>file:/C:/Users/NIKON-IMPRESSORA/Desktop/CRUD-081170007/LPCRUD/src/Lpcrud/ConsoleStateMachine/ConsoleStateManagerMenu.java</file>
            <file>file:/C:/Users/NIKON-IMPRESSORA/Desktop/CRUD-081170007/LPCRUD/src/Lpcrud/ConsoleStateMachine/ConsoleStateCreateVendor.java</file>
            <file>file:/C:/Users/NIKON-IMPRESSORA/Desktop/CRUD-081170007/LPCRUD/src/Lpcrud/ConsoleStateMachine/ConsoleStateCreateClient.java</file>
            <file>file:/C:/Users/NIKON-IMPRESSORA/Desktop/CRUD-081170007/LPCRUD/src/Lpcrud/ConsoleStateMachine/EnumConsoleStates.java</file>
        </group>
    </open-files>
</project-private>
